"","V1","V2","V3","V4","V5","V6","V7","V8","V9","V10","V11","V12","V13","V14","V15","V16","V17","V18","V19","V20","V21","V22","V23","V24","V25","V26","V27","V28","V29","V30","V31","V32","V33","V34","V35","V36","V37","V38","V39","V40","V41","V42","V43","V44","V45","V46","V47","V48","V49","V50","V51","V52","V53","V54","V55","V56","V57","V58","V59","V60","V61","V62","V63","V64","V65","V66","V67","V68","V69","V70","V71","V72","V73","V74","V75","V76","V77","V78","V79","V80","V81","V82","V83","V84","V85","V86","V87","V88","V89","V90","V91","V92","V93","V94","V95","V96","V97","V98","V99","V100","V101","V102","V103","V104","V105","V106"
"CD4+ memory T-cells",0.00125666666666668,0.00907666666666662,0.31352,0.40456,0.231826666666667,0,0.0517866666666666,0,0,0.100573333333333,0.00194666666666665,0.118853333333333,0.0637,0,0.05108,0,0,0.112033333333333,0.0012833333333333,0.00885000000000002,0,0,0.11987,0.111246666666667,0.0715333333333333,0.000416666666666621,0,0.0282066666666667,0.0229766666666666,0.540243333333333,0.0023266666666667,0.0238666666666667,0.00302000000000002,0.733796666666667,0.23861,0.00126666666666664,0.0661066666666666,0.07419,0.311313333333333,0.04077,0.0313633333333333,0.0745433333333333,0.111166666666667,0.181733333333333,0.0291333333333333,0.591213333333333,1,0,0.04137,0.47037,0,0.00917666666666672,0.101543333333333,0,0.313713333333333,0.00761000000000001,0,0.000700000000000034,0.00549666666666671,0,0,2.000000000002e-05,0,0,0.0100066666666667,0,0.0248733333333333,0,0.0199433333333333,0.01636,0.00176666666666669,0.0538466666666667,0.0450700000000001,0.0201066666666667,0.00136666666666663,0.04676,9.99999999995449e-06,0.00101666666666667,0,0,0.0100033333333334,0.0249866666666667,0.0905733333333333,0.0145033333333333,0.000249999999999972,0,2.99999999999745e-05,0.0670066666666667,0,0.02175,0.02824,0.00144,0,0.0153266666666667,0,0,0.00322999999999996,0,0.0199866666666667,0.01512,0.05411,0,0,0.0360366666666667,0.0114300000000001,0
"CD4+ naive T-cells",0.2786,0.12625,0.11029,0.13874,1,0.650136666666667,0.258416666666667,1,1,0.779773333333333,1,1,0.61649,1,1,1,1,0.17885,1,0.24545,0.2421,1,0.0458733333333333,0.491843333333333,0.56256,0.0899833333333333,1,0.0436733333333333,0.342393333333333,1,0.0431866666666667,0.06851,0.0647333333333333,0.884123333333333,0.78219,1,0.971223333333333,0.714726666666667,0.247416666666667,0.07279,0.117963333333333,1,0.925676666666667,1,0.0345466666666666,1,1,1,1,1,0.0165466666666667,0.42617,1,1,1,0.97102,0.0661533333333333,1,0.46706,0.790113333333333,0.650256666666667,1,1,1,0.617356666666667,0.445236666666667,1,0.399526666666667,1,1,1,1,1,1,1,1,1,1,1,1,0.400136666666667,1,0.92994,1,1,1,0.92586,1,0.197843333333333,1,1,0.53976,0.879046666666667,0.463353333333333,0.540816666666667,1,0.709376666666667,1,1,1,0.392786666666667,1,1,1,0.82983,1
"CD4+ T-cells",0.00048999999999999,0.01666,0.138246666666667,0.22997,0.58922,0,0.152386666666667,0.000700000000000034,0.04995,0.39854,0.115066666666667,0.450693333333333,0.0564933333333333,0.0322233333333334,0.14764,0,0.000839999999999952,0.0779833333333333,0.0148433333333333,0.0192433333333333,0,0,0.06226,0.159466666666667,0.0386266666666667,0.0143866666666667,0.0380333333333334,0.0431066666666666,0.0809233333333333,0.37628,0.000146666666666628,0.0343599999999999,0.0248666666666667,0.96734,0.341853333333333,0,0.148396666666667,0.15819,0.29465,0.07278,0.03452,0.483266666666667,0.24212,0.15728,0.00892333333333328,0.88209,1,0.000273333333333348,0.29878,0.875586666666667,0,0.04538,0.133376666666667,0.00413333333333332,0.638803333333333,0.02024,0,0.0729866666666666,0.00693333333333335,0.000303333333333322,0,0.0141866666666667,0,0,0.0444099999999999,0.00303333333333333,0.03161,0,0.0707633333333333,0.0603233333333333,0.04369,0.135993333333333,0.0709833333333333,0.114856666666667,0,0.0639766666666667,0.00362666666666667,0.0131366666666667,0,0,0.0155999999999999,0.03994,0.0449866666666666,0.0595933333333334,0.02463,0,0.000279999999999947,0.0782433333333333,0,0.0474933333333334,0.0860166666666666,0.000820000000000043,0,0.01832,0,0.00656999999999996,0.000726666666666653,0,0.0799,0.0800666666666666,0.0621733333333333,0,0.0101166666666667,0.14991,0.02285,0
"CD4+ Tcm",0.267203333333333,0.0977666666666667,0.151876666666667,0.914826666666667,1,0.00219666666666662,0.64631,1,1,0.46188,1,1,1,1,1,1,1,0.0685133333333333,0.603923333333333,0.275923333333333,0.175806666666667,1,0.0672966666666667,1,1,0.5858,1,0.06331,1,1,1,1,1,1,1,1,1,1,0.109203333333333,1,1,1,1,0.651843333333333,0.0785066666666666,1,1,0.401526666666667,1,1,0.769263333333333,1,1,1,0.313546666666667,1,0.390166666666667,1,0.138713333333333,1,0.16219,1,1,1,1,0.22364,1,1,1,1,1,1,0.53103,1,1,1,1,1,0.29822,0.125063333333333,0.23706,1,1,1,1,0.34643,0.442876666666667,0.179126666666667,0.0428233333333333,0.29348,0.89048,1,0.297583333333333,0.12667,0.29774,1,0.175903333333333,1,1,1,0.38595,1,1,1,1,1
"CD4+ Tem",0,0,0.0483433333333333,0.0351766666666666,0.40046,0,0.0108466666666667,0.393056666666667,1,0.0162,1,0.502323333333333,0.492076666666667,0.48061,0.389173333333333,0,0,0.0554966666666666,0.498053333333333,0.315513333333333,0,0.37705,0.0022766666666667,0,0.367833333333333,0.01467,0.31622,0,0.481136666666667,0.535103333333333,0.0414133333333333,0,0,0.332616666666667,0.15315,1,0.524713333333333,0.00810666666666671,0.22587,0,0.420936666666667,0.513686666666667,0.28981,0.190206666666667,0,1,1,0.00814666666666664,0.265356666666667,1,0.00560333333333329,0,0.48851,0.557233333333333,0,0.484293333333333,0,0.44612,0.485043333333333,0.5381,0,0.371893333333333,0.453856666666667,0.606073333333333,0.112876666666667,0.0130966666666666,1,0.317373333333333,1,0.537553333333333,1,1,0.56239,0.543736666666667,0,1,0.255746666666667,0.32728,0.0996899999999999,0.165393333333333,0.355983333333333,0.224923333333333,0.338793333333333,1,0.24239,1,0.428593333333333,0.115923333333333,0.0870666666666666,0.449426666666667,0.50833,0.159376666666667,0.02619,0.343286666666667,0.255653333333333,1,0.377563333333333,0,1,1,0.17071,1,0.458553333333333,1,1,1
"CD8+ naive T-cells",0.146713333333333,1,0.0285366666666667,1,0.379173333333333,0.61086,1,1,0.13298,1,0.0105366666666666,1,1,1,0.105376666666667,1,1,1,1,1,1,1,1,1,1,1,0.5541,1,1,0.0995033333333334,1,1,1,0.0180666666666667,1,0,0.204166666666667,1,0,1,1,1,1,1,1,0.000149999999999983,0.799693333333333,1,1,0.263966666666667,1,1,1,1,1,0.00257666666666667,1,0.26273,0.00520666666666669,1,1,0.0967533333333334,1,1,1,1,0.132123333333333,1,0.00367666666666666,0.00204666666666664,0.00761000000000001,0.0513466666666667,1,0.0651666666666667,0.245243333333333,0,0.477133333333333,1,1,0.170753333333333,0.46768,0.35269,1,0,0.21903,1,1,1,1,0.10984,0.228376666666667,1,1,0.01924,1,0.234186666666667,1,1,0,1,1,1,0.00920333333333334,0.00146666666666662,0.0715166666666667,1
"CD8+ T-cells",0.000519999999999965,0,0,0,0.0092066666666667,0,0,0.00585666666666662,0.0720766666666667,0.331096666666667,0.19876,0.719073333333333,0,0.0151533333333334,1,0,0,0.374653333333333,0.04875,0,0,0.280453333333333,0.250423333333333,0,0.00702666666666663,0.00216333333333329,0,0,0,0.57985,0,0,0,0,0.000173333333333359,0.717283333333333,0.25199,0.000870000000000037,0.160326666666667,0,0,0.82754,0.0608166666666666,1,0,1,1,0,0,1,0,0,0.00109999999999999,0.220006666666667,0.01889,0.52087,0,0.121196666666667,0,0.09624,0.00356000000000001,0.193996666666667,0,0.100713333333333,0.00836000000000003,0,0.245463333333333,0,0.147723333333333,0.0665033333333334,0.410893333333333,0.228743333333333,0.08949,1,0.210906666666667,1,0.00274333333333332,0.03242,0.00124999999999997,0.21756,0.00620666666666669,0.108123333333333,0.00605999999999995,1,0.0017166666666667,0.00361666666666671,0.00351000000000001,0.06559,0,1,0,0,0,0.0338766666666667,0,0,0.11962,0,0.280606666666667,0.0739266666666667,0.02512,0,0.440286666666667,1,0.00124000000000002,0.000163333333333293
"CD8+ Tcm",0,0,0.06204,0.00191333333333332,0.0394033333333333,0,0,0,0,0,0,0.00298666666666669,0.0110333333333333,0,0.0929066666666667,0,0,0.0357033333333333,0,0,0,0,0.0674833333333333,0,0,0,0,0,0,0.06818,0,0,0,0.15175,0.01362,0.215296666666667,0.0117766666666667,0,0.329743333333333,0,0,0.000103333333333344,0,0.0885833333333333,0,1,1,0,0,1,0,0,0,0,0.0462066666666666,0.0024966666666667,0,0,0,0,0,0,0,0,0,0,0.00200333333333336,0,0.04592,0,0,0.212856666666667,0.0638866666666666,0.180483333333333,0,0.337433333333333,0,0.000909999999999966,0,0.00543000000000005,0.01009,0.03307,0.0433866666666667,0.05997,0,0,0.00273000000000001,0.20961,0,0.05885,0.0367366666666666,0,0,0.07794,0,0,0.15553,0,0.0528933333333333,0,0.0511966666666667,0,0.00291666666666668,0.02206,0.0106666666666667,0
"CD8+ Tem",0.38451,0.124156666666667,0.31928,0.246986666666667,0.155566666666667,0.157403333333333,0.142493333333333,0.0492666666666667,0.0911033333333333,0.635616666666667,0.181926666666667,1,0.137603333333333,0.213486666666667,0.898276666666667,0,0,0.905836666666667,0.52763,0,0,0.0417433333333334,0.796236666666667,0.0217833333333334,0,0.0262566666666667,0,0.0165266666666667,0,1,0,0.0866533333333334,0,0.14306,0.37658,0.632373333333333,1,0.122893333333333,1,0.000873333333333282,0,0.58034,0.414673333333333,0.40075,0.150323333333333,1,0.513536666666667,0,0,1,0,0,0.00303333333333333,0.17658,0.338223333333333,0.929633333333333,0.00431666666666664,0.274943333333333,0.17784,0.0715233333333334,0.112093333333333,0.66699,0,0.00171333333333334,0.26809,0.000406666666666666,0.65248,0,0.163713333333333,0.186126666666667,0.20027,0.169816666666667,0.935706666666667,1,0.125516666666667,0.823823333333333,0.28508,0.17378,0.0212133333333333,0.141616666666667,0.13151,0.149033333333333,0.493816666666667,0.21713,0.13133,0,0.209013333333333,0.154006666666667,0.00468999999999997,0.686573333333333,0.139963333333333,0.22864,0,0.34193,0,0,0.421483333333333,0,0.2037,0.178096666666667,0.665843333333333,0,0.300526666666667,0.84566,0.10247,0.07287
"B-cells",0,0,0.88597,0,1,0.00218666666666667,0.000909999999999966,0,0.0210966666666667,0.0179233333333333,1,1,0.000433333333333286,0.00918333333333332,1,0,0.286483333333333,1,0,0,0,0.0846066666666667,0.00592666666666664,1,0.618043333333333,0.00828666666666666,0,0,0.0109,0.30848,0,0,0,0.13518,1,1,0.363716666666667,0.01889,1,0.00720666666666669,0.0156266666666667,0,0.0975766666666666,0.613023333333333,0,1,1,0.00830666666666668,0,1,0,0,0,0.02835,0.0334566666666667,1,0,0.0900033333333333,0.00766333333333336,1,0.00196666666666667,0,0.128753333333333,1,0.0265266666666667,1,1,0,1,0.239893333333333,0.0376966666666667,0.0701233333333333,1,0.433306666666667,1,0.02488,0.711923333333333,0.0253033333333333,0,0.48734,0.142333333333333,1,1,1,0,0.347343333333333,0.331063333333333,0.0566966666666666,0.01668,0.168653333333333,0.0132033333333333,0,0,0.460066666666667,0.000623333333333309,0.442906666666667,0.229043333333333,0.00807666666666662,0.05063,0.31656,0.193,0.0213533333333333,1,0.358863333333333,1,0
"Tgd cells",0.208186666666667,0.356143333333333,1,0.193803333333333,0.0150966666666666,1,0.299006666666667,0,0,0.335916666666667,0,0.0536733333333334,0,0.01187,0.6285,0,0,0.734673333333333,0.10073,0,0.0483066666666667,0,1,1,0,0.00884333333333331,0,1,0,0.03417,0,0.711386666666667,0.0081566666666667,0.225183333333333,0.74007,0,0.6293,0.00267666666666666,1,0.0299,0,0.0222766666666666,0.00434000000000001,0,0.327106666666667,0,0.16151,0,0,0,0,0.00490333333333337,0,0,0.578203333333333,0.00737333333333334,0.64405,0,0.467886666666667,0.01019,0.0823466666666667,0.00054333333333334,0,0,0.61736,0.631853333333333,0.380113333333333,0,0.0109933333333333,0.02485,0.00663000000000002,0.06313,1,0.222626666666667,0,0.02178,0.0699666666666666,0.0135733333333333,0,0.0116633333333334,0.20178,0.07142,0.689693333333333,0.00107333333333337,0.02661,0,0.23376,0.392816666666667,0.30123,0.0232866666666667,0.06573,0.19863,0.06603,1,0,0,0.07888,0,0.00934000000000001,0.0404233333333334,1,0,0.0334733333333334,0.0449000000000001,0.10595,0
"Th1 cells",1,1,0.257546666666667,0.44038,0.0951833333333333,1,0.20359,0.167923333333333,0.18677,0.652636666666667,7.33333333333697e-05,0.406776666666667,0.09613,0.544386666666667,1,0.44025,0.01081,0.43318,0.28903,0.0124933333333334,0.643336666666667,0.0442133333333333,0.501486666666667,0.74587,0,0.378373333333333,0,0.161413333333333,0.0674866666666667,0.00165000000000004,0.03301,0.491873333333333,0.48041,0.0263933333333334,0.44828,0.000636666666666619,0.0367033333333333,0.140513333333333,0.445606666666667,0.138366666666667,0,0.221073333333333,0.0640033333333333,2.000000000002e-05,0.65938,0,0.0108866666666667,0,0.0786633333333333,0.104986666666667,0,0.0331900000000001,0,0.419853333333333,0.50587,0,0.588393333333333,0.07987,0.0241466666666666,0.04259,0.03196,0.28951,0.166586666666667,0.00326666666666664,0.0304833333333333,0.0897466666666666,0.16107,0.0601633333333333,0,0.000750000000000028,0.0169933333333333,0.00668333333333337,0.0367366666666666,0.26348,0.103736666666667,0.01668,0.521943333333333,0.536876666666667,0.230296666666667,0.216756666666667,0.624976666666667,0.150606666666667,0.11674,0,0.165176666666667,0,0.646053333333333,0.40454,0.222736666666667,0.01884,0.0233533333333333,0.12695,0.10869,0.39588,0.197866666666667,0.0349633333333333,0.0569433333333333,0,0.000253333333333328,0.0433266666666666,0.558296666666667,0,0.19463,0.07682,0.0172933333333334,0.0529766666666667
"Th2 cells",0.40322,0.72439,1,0.0157566666666666,0.226816666666667,0.0673133333333333,0.38402,0,0,1,0,0.0546566666666667,0.111356666666667,0,0.104306666666667,0,0.516443333333333,0.487683333333333,0.005,0.220656666666667,0.0067666666666667,0,1,0.36474,0.0969333333333333,0.0172566666666667,0.000419999999999976,1,0,0.194646666666667,0.00761666666666672,0.75855,0.02446,1,0.39435,0,0.14061,0.251036666666667,1,0.0430966666666667,0.100776666666667,0.00365333333333329,0.1045,0.0096033333333333,0.402816666666667,0.49666,1,0,0.528636666666667,0.0993233333333333,0.04656,0.228286666666667,0.376286666666667,0,0.59455,0.636793333333333,0.45268,0.00317999999999996,0.752256666666667,0.00863333333333338,1,0.03646,0.0283666666666667,0,0.783656666666667,0.782383333333333,0.08324,0,0.0118366666666667,0.587063333333333,0.000813333333333333,0.0247733333333333,0.47745,0.299793333333333,0.00323333333333331,0.0788866666666667,0.17064,0.0164766666666667,0,0.00322666666666671,0.0267500000000001,0,0.0588433333333334,0,0,0,0,0.5609,0.0193433333333334,0.0429666666666667,0.327496666666667,0.46013,0.0272066666666667,0.139696666666667,0,0.01524,0.0387533333333333,0.0091,0.00224000000000002,2.000000000002e-05,0.0116633333333334,0.000206666666666688,0,0,0.01691,0
"Tregs",0.0668233333333333,0.826453333333333,1,0.127086666666667,1,0.11477,0.80198,0.16101,0.85887,0.600856666666667,1,0.584063333333333,1,0.0405866666666667,0.12159,0.12541,0.22537,1,0,1,0.5587,0.270766666666667,1,0.89676,1,0.230973333333333,1,0.231553333333333,0.835293333333333,1,1,0.142096666666667,1,0.31643,0.22461,0.43682,0.905793333333333,0.39677,0.957316666666667,0.985766666666667,1,1,1,0.423226666666667,0.10823,1,1,0.2059,1,1,0.540586666666667,0.433256666666667,1,0.0297933333333333,0.09473,0.657836666666667,1,1,0.03779,0.398873333333333,0.0210066666666666,1,0.0964,1,0.136753333333333,1,0.467166666666667,1,1,1,0.700586666666667,1,0.423386666666667,1,0.651176666666667,1,0.0461166666666667,1,0.309633333333333,0.23548,0.454516666666667,0.829893333333333,1,1,0.497736666666667,0.581876666666667,0.266456666666667,1,1,0.1391,1,0.6731,0.247,1,0.04223,1,1,0.0291966666666666,1,1,1,1,0.581773333333333,1,0.146573333333333,1
"Memory B-cells",0.0011066666666667,0.0065533333333333,1,0.000809999999999977,1,0.603416666666667,1,0.00442333333333333,0.401816666666667,0.289503333333333,1,1,0.0293633333333333,1,1,0.06595,1,1,0.0368166666666667,0.8095,7.9999999999969e-05,1,1,1,1,0.03137,0.00319999999999998,0.00214666666666663,0.12419,1,0.00641333333333338,0.0127533333333333,0,1,1,1,1,1,1,0.09398,0.21757,0,0.57324,1,0.0512633333333333,1,1,1,0.145486666666667,1,0.000173333333333359,0.00114666666666663,1,1,0.121,1,3.33333333335517e-06,1,0.00390000000000001,1,0.0265066666666667,0.11865,1,1,0.00131666666666663,1,1,0.0678366666666667,1,1,0.625303333333333,1,1,1,1,1,1,9.99999999995449e-06,0.00816666666666666,1,0.118743333333333,1,1,1,0,1,0.163596666666667,0.00385999999999997,0.01997,0.49362,0.0194233333333333,0,0,1,0.1363,1,0.140533333333333,0.942703333333333,0.149033333333333,0.301253333333333,1,1,1,1,1,0.00126000000000004
"Class-switched memory B-cells",0,0,0.06366,0,1,0.00534999999999997,0,0,0.573176666666667,0.00110333333333335,1,0.184773333333333,0.0202133333333333,0,1,0,0.32677,1,0,0,0,1,0,1,0.579153333333333,0,0.0680566666666667,0,0,0.120573333333333,0,0,0,0.0326266666666667,0.124073333333333,1,0,0,0,0,0,1,0.835476666666667,0.000476666666666681,0,1,1,0.102826666666667,0,1,0,0,0.0534133333333333,0.02496,0,1,0,0.0266999999999999,0,0.0298033333333333,0,0,0.149423333333333,0.443126666666667,0,0.0706533333333333,0.755453333333333,0,0.485843333333333,0,0.00183999999999995,0.000240000000000018,0.000346666666666717,0,0.218496666666667,0,0,0,0.407223333333333,0.26689,0,0.62429,0.52402,0.176963333333333,0,0.15199,0.02063,0,0,0.358463333333333,0.3468,0,0,0.000406666666666666,0,0.269863333333333,0.00176333333333334,0,0.167083333333333,0.132516666666667,0,0.350103333333333,1,0.417393333333333,0,0
"naive B-cells",0,0.00144999999999995,1,0.666666666666667,1,0.00251666666666661,0.666666666666667,0.000823333333333287,0.0124633333333334,0.0181866666666667,1,1,0.666666666666667,0.0314733333333334,0.146473333333333,0.00156999999999996,1,0.666666666666667,0.0407066666666667,0.09019,0,1,0.666666666666667,1,0.0463633333333333,0.0211466666666666,0.00195666666666672,0.0943766666666667,1,1,1,1,0.00991666666666668,0.666666666666667,0.666666666666667,0.666666666666667,0.15303,0.32006,0.666666666666667,0.666666666666667,0.666666666666667,0.00881666666666669,0.467873333333333,0.666666666666667,0.00381333333333334,0.666666666666667,0.666666666666667,0.12028,0.0533833333333333,0.666666666666667,0,0.0132066666666667,1,0.235906666666667,0.666666666666667,0.292946666666667,2.99999999999745e-05,0.0752699999999999,0.23852,0.05672,0.01368,0,0.666666666666667,0.531206666666667,0.0206766666666667,1,0.666666666666667,0.00735666666666668,1,0.0213833333333333,0.00997333333333328,1,1,0.0266533333333333,0.09756,0.08885,0.0943033333333333,0.0071,0.00277333333333329,0.03187,0.0189466666666667,1,0.666666666666667,1,0.0150133333333333,0.03203,0.0407333333333333,3.33333333335517e-06,0.000626666666666664,0.000870000000000037,1,0,2.99999999999745e-05,0.0608266666666667,2.000000000002e-05,1,0.666666666666667,0.0971266666666667,0.0274066666666667,1,0.666666666666667,0.10996,0.0281666666666667,0.00809666666666664,1,0.00200666666666671
"NKT",0.73031,0.376526666666667,0.1082,0.00961999999999996,0.18308,0.883986666666667,0.104123333333333,1,0.61635,0.01598,0.284156666666667,0.13026,0.299353333333333,1,0.0990366666666667,0.327426666666667,0.000940000000000052,0.61502,0.587173333333333,0.429943333333333,0.617263333333333,0.969416666666667,0.149036666666667,0,0.00766666666666671,0.287773333333333,0.154743333333333,0.163576666666667,0.109786666666667,0,0.255396666666667,0.0276966666666667,0.00984666666666667,0,0.34519,0.67847,0.12722,0.132766666666667,0.184433333333333,0.00430666666666668,0.05632,0.51263,0.19885,0.00649,0.43197,0.00146666666666662,0.03305,0.0778666666666666,0.0757933333333334,0.16137,0.06465,0.00334000000000001,0.09743,0.159686666666667,0.09656,0.290113333333333,0.322723333333333,0.523736666666667,0.342843333333333,0.36495,0.43366,0.51379,0.359413333333333,0.37643,0.425716666666667,0.254993333333333,1,0.44333,0.496746666666667,0.263533333333333,0.0663533333333334,0.33551,0.81707,0.987946666666667,0.11363,0.733556666666667,0.394716666666667,0.81982,0.738856666666667,0.442273333333333,0.928153333333333,0.41085,1,0.177446666666667,0.74948,0.16043,1,0.333716666666667,0.65063,0.806656666666667,0.682813333333333,0.506563333333333,0.516846666666667,0.979023333333333,0.56046,1,0.59648,0.133473333333333,0.196156666666667,0.929253333333333,0.72166,0.390266666666667,0.809043333333333,0.809286666666667,0.491276666666667,0.585073333333333
"pro B-cells",1,1,0.85166,1,0.64699,1,0.670783333333333,0.24745,0.09828,0.533856666666667,0.154976666666667,0.256526666666667,0.382586666666667,0.225806666666667,1,0.423023333333333,0.663213333333333,0.31409,0.604866666666667,0.165226666666667,0.132533333333333,0.138406666666667,1,1,0.141366666666667,0.2538,0.04744,1,0.193746666666667,0.05999,0.149386666666667,1,0.286453333333333,0.1975,1,0.08597,1,0.292053333333333,1,0.37381,0.00999666666666665,0.16518,0.249076666666667,0.0309633333333333,0.31532,0.0335933333333334,0.20987,0.00461,0.09261,0.178313333333333,0.09101,0.174063333333333,0.498213333333333,0.42752,1,0.194103333333333,0.531023333333333,0.0819433333333334,0.23446,0.291163333333333,0.315183333333333,0.0483333333333333,0.772903333333333,0.0436566666666667,0.253946666666667,1,0.537786666666667,0.106653333333333,0.06099,0.138076666666667,0.06193,0.243346666666667,0.261113333333333,0.28944,0.143933333333333,0.0603333333333333,0.277176666666667,0.221956666666667,0.218206666666667,0.230946666666667,0.242046666666667,0.426136666666667,1,0.07675,0.206493333333333,0,0.372496666666667,0.218476666666667,0.384606666666667,0.00872333333333331,0.284053333333333,0.55619,0.13493,0.588633333333333,0.17917,0.257053333333333,0.223723333333333,0.25124,0.143183333333333,0.296126666666667,0.49187,0,0.17472,0.0182833333333333,0.942696666666667,0.06643
"Plasma cells",0.0220133333333333,0,0,0,0,0,0,0,0,0.00392999999999999,0,0.335123333333333,0,0,0,0,0,1,0,0,1,0,0,0,0.55017,0.0643966666666667,0.000123333333333364,0,0,0,0,0,0,0,0,1,0,0,0.215303333333333,0,0,0,0,0.0151,0,1,0.02058,0.155806666666667,0,0,0.0947933333333333,0,0,0,0,0,0,0,0,0.491653333333333,0,0,0,0,0,1,0,0,0,0.0235233333333333,0,0,1,0,1,0,0,0,0,0,0.702303333333333,0,0,0,0,1,0,0.000206666666666688,0,0.158193333333333,0,0,0,0.153626666666667,0,0,0,0,0,0,0,0,1,1,0,0
"MEP",0.104753333333333,0.217893333333333,0.283546666666667,0.514536666666667,0.0984566666666666,1,0.181076666666667,0.693013333333333,1,1,0.0894133333333333,0.447346666666667,0.401036666666667,0.0773200000000001,1,1,1,0.0869766666666667,1,0.159023333333333,0.0537933333333334,0.0381066666666666,0.130006666666667,1,0.141073333333333,0.09772,0,0.235726666666667,0.0903966666666667,0.120313333333333,0.104063333333333,0.257023333333333,1,0.251266666666667,0.568216666666667,0.02972,0.0190900000000001,0.0793666666666667,0.247173333333333,0.217493333333333,0,0.0236,0.172156666666667,0.0776133333333333,1,0.00249999999999995,0.0541366666666667,0.139043333333333,0.897306666666667,0.04018,1,0.0922333333333333,0.112183333333333,0.339313333333333,0.166943333333333,0,1,0.01972,0.101446666666667,0.19475,0.0886,0.05172,1,0,1,0.127826666666667,0.299613333333333,0.10045,0.04383,1,0.0326266666666667,0.45838,0.15612,0.0851066666666667,0.07668,0.0722833333333334,0.09293,0.20887,0.277276666666667,0.0999333333333333,1,1,0.202693333333333,0,1,0,0.176156666666667,1,1,0.120766666666667,0.263553333333333,0,1,0.162396666666667,0.116383333333333,0.0513533333333334,0.10289,0.149813333333333,0.00924000000000003,0.0532133333333333,0.2338,0.0610033333333333,0.07797,0,1,0.0589333333333333
"GMP",0.0180466666666667,0.188643333333333,0.490833333333333,0.556733333333333,0.363523333333333,0.0404833333333333,0,0.15982,0.245376666666667,0.21914,1,0.0336133333333334,1,0.0262066666666667,0.564173333333333,0.02215,0.146723333333333,0.178556666666667,0.0298133333333334,1,0.0963766666666667,0.53626,0.21763,0.298903333333333,0.0714366666666667,0.0233733333333334,0.232043333333333,0.0860166666666666,0.52294,1,1,0,0.156123333333333,0.00056333333333336,0.41885,0.873173333333333,0.87605,0.289266666666667,0.02896,0,0.870616666666667,0.11648,0,0.41543,0.1689,1,0.151553333333333,1,0.218506666666667,0.95081,0.0920800000000001,0.120143333333333,0.462563333333333,0,0.16293,0.779003333333333,0.252406666666667,0.1866,0.0394966666666666,0,0.0171833333333333,0.210146666666667,0.00129999999999997,0.35175,0.263046666666667,0.0771466666666667,0.710943333333333,0.0852733333333333,1,0.000186666666666668,0.00607666666666662,0.115733333333333,0.179073333333333,0.0554266666666666,0.02813,0.44545,0.115923333333333,0.0846666666666667,0.151126666666667,0.26694,0.000383333333333291,0.0476799999999999,0.156743333333333,0.47618,0.100063333333333,0.68232,0.0956033333333334,0.779183333333333,0.0642,0.647613333333333,0.438923333333333,0.119476666666667,0.199886666666667,0.196506666666667,0.20432,0,1,0,0.863723333333333,0.118743333333333,0.553433333333333,1,0.06482,0.0435233333333334,0.148533333333333,0.09192
"HSC",0,0,0,0.0666033333333333,0,0.0219966666666667,0,0.0107366666666666,0.000256666666666683,0,0.00102333333333338,0.0804133333333333,0.00926000000000005,0,0,0,0.02232,0,0,0.0166633333333334,0,0.10391,0,0,0.155996666666667,0,0.08472,0,0.17668,0,0.22814,0,0,0,0,0.105813333333333,0.208116666666667,0.0135166666666666,0,0,1,0.0160166666666667,0.04498,0.159733333333333,0,0.16088,1,0.141906666666667,0.11433,0.02055,0.159243333333333,0.110323333333333,1,0.00893999999999995,0.02712,0.18434,0,0.0345566666666667,0.03954,0.0687666666666666,0,0.158826666666667,0.0944199999999999,0.184996666666667,3.33333333335517e-06,0,0,0.0581466666666667,0.336293333333333,0.03975,0.375313333333333,0.22889,0,0.01003,0.553493333333333,0.0787333333333333,0.00835333333333332,0.0134166666666666,0.0955733333333333,0.238306666666667,0.30878,0,0.0230266666666666,0.129943333333333,0.0712766666666667,0.0978533333333333,0,0.19955,0.0304566666666667,0.0908133333333333,0.000519999999999965,0,0.0862533333333333,0,0,0.133653333333333,0.0510566666666666,0.896766666666667,0.45152,0.0114033333333333,0,0.843633333333333,0.0983266666666667,0.225103333333333,0.0535566666666667,0.0353433333333333
"CLP",0.0148933333333333,0.976946666666667,0.681806666666667,0.870176666666667,0.07512,0.319743333333333,0.04086,0.00170666666666663,0,0.68918,0,0.162536666666667,0.00799000000000005,0.01044,0,0.0110533333333334,0.44737,0.937653333333333,0,0,0.000390000000000001,0,0.0750766666666667,0.21045,0.11738,0.0375133333333333,0.00204666666666664,0.0892500000000001,0.22812,3.33333333335517e-06,0.384453333333333,0.833653333333333,0.1633,0.01868,0.00607000000000002,0,0.00573000000000001,0.28567,0.00223666666666666,0.0685266666666666,0,0.302936666666667,0.669103333333333,0,0.819073333333333,0.0280433333333333,1,0.00214000000000003,0.120576666666667,0.0135466666666667,0.0768933333333334,0.31038,0.479266666666667,0.00970666666666664,0.117573333333333,0,0.121876666666667,0.150006666666667,0,0.0488,0.004,0.16218,0.03543,0,0.12157,0.677086666666667,0.48068,0.01615,0,0.0227433333333333,0.0163533333333333,0.0876666666666667,0.34358,0.0410733333333333,0.0997866666666667,0.89251,0.12827,0.334576666666667,0,0.00678999999999996,0.46077,0.00263333333333338,0,0,0.412096666666667,0,0.0445466666666666,0.972806666666667,0.698763333333333,0.399683333333333,0.01574,0.0764766666666666,0.362283333333333,0.45808,0.569776666666667,0.00131666666666663,0,0.0918633333333333,0.55259,0.00441666666666662,0.137806666666667,0,0.0924199999999999,0.00247666666666668,0.00266333333333335,0.00558999999999998
"CMP",0.0374866666666667,0.0410766666666667,0.164143333333333,0.0841033333333333,1,0.172276666666667,0.00908333333333333,0.70069,1,0.03486,1,0.121413333333333,1,0.10797,0.21951,0.592046666666667,0.37211,0.0315466666666666,0.31012,1,0.13782,1,0.0244366666666667,0.0280033333333334,0.315176666666667,0.164353333333333,0.151693333333333,0.106843333333333,1,0.34624,1,6.33333333333042e-05,0.0307866666666666,0.0103433333333334,0.16206,1,1,0.154863333333333,0.06418,0.0129866666666667,1,0.21171,0.0705333333333333,0.292693333333333,0.218183333333333,0.160023333333333,0.00365333333333329,1,0.0957333333333333,1,0.201086666666667,0.0467533333333333,1,1,0.00270999999999999,1,0.16719,0.35809,0.0740166666666666,0.157256666666667,0.116136666666667,1,1,0.75017,0.346343333333333,0.048,1,0.484006666666667,1,0.0796666666666667,0.592646666666667,1,0.0839833333333333,0.0963766666666667,0.11221,1,0.139546666666667,1,1,1,0.1919,1,0.622673333333333,1,1,1,0.260383333333333,1,0.0453566666666667,1,1,0.0416233333333333,1,0.1461,0.61125,0.144963333333333,1,0.506813333333333,1,1,0.15114,1,0.254353333333333,0.24648,1,0.939386666666667
"Basophils",1,1,0.21002,0.11813,0.03512,1,1,0.740816666666667,0.358223333333333,1,0.00370000000000004,0.25666,0.120633333333333,0.33279,1,0.0572233333333333,0,0.351556666666667,0.876703333333333,0.15248,0.192533333333333,0.100373333333333,0.594546666666667,0.02546,0.0818033333333333,0.3313,0.16084,0.15064,0.0676733333333334,0.635006666666667,0.0178933333333333,0.118213333333333,0.0438933333333333,0.0690266666666667,0.0932733333333333,0.0124633333333334,0.112766666666667,0.23013,1,0.120106666666667,0.08854,1,0.128916666666667,0.26695,0.383803333333333,0.06157,0.138466666666667,0.09343,0.07666,0.100016666666667,0.0856166666666667,1,0.163413333333333,0.0615266666666666,0.16387,0.186973333333333,0.17177,0.0714633333333333,0.425146666666667,0.151943333333333,0.313016666666667,1,0.13948,0.119316666666667,0.80099,0.06675,0.255343333333333,0.207066666666667,0.0315299999999999,0.421826666666667,1,0.0267533333333333,0.102073333333333,1,0.125406666666667,0.28276,0.46917,0.294316666666667,0.1154,0.19058,0.429703333333333,0.00519000000000003,0.02805,0.0526866666666667,0.121433333333333,0.153996666666667,0.384183333333333,1,0.15815,1,0.17567,0.337926666666667,1,1,0.79664,0.08579,0.332023333333333,0.0523966666666666,0.354096666666667,0.146966666666667,1,0.0988933333333334,0.20525,0.83772,0.113963333333333,0.196603333333333
"cDC",0,0,0.0123833333333333,1,1,0.00380666666666662,0,0.00283333333333335,0.00424999999999998,0,1,0,1,0,0,1,0,0,0,1,0,1,0,0,7.66666666666138e-05,0,0.0192566666666667,0,1,0,1,0,0,0,3.33333333335517e-06,1,0,0,0.00484333333333331,0,1,1,0.000323333333333342,0,0,0.0409333333333334,1,0,1,1,0.17081,0,0.000813333333333333,1,0,0.03461,0,1,0,0,0,0.00978000000000001,0.0592766666666666,1,0,0,0.00273333333333337,0,1,0,4.66666666666393e-05,1,1,0,0,0.0783466666666667,0,0,0.165893333333333,0,0,1,0,1,1,0,0,0.0582866666666667,0,0,1,0,0,0,0,1,0.0811266666666667,0,0.00051000000000001,0,0,0.10592,0,0,1,0.000303333333333322
"DC",0,0,0,0,0,0,0,0,0,0,0.00365666666666664,0,0,0,0,0,0,0,0,0,0,0,0,0,0,0,0,0,0,0,0,0,0,0,0,0.00463333333333338,0,0,0,0,0.000713333333333344,0,0,0,0,0.738816666666667,0.192413333333333,0,0,0.154726666666667,0,0,0,0,0,0,0,0.000433333333333286,0,0,0,0,0,0,0,0,0,0,0.00876333333333335,0,0,0,0,0,0,0,0,0,0,0,0,0,0,0.00556333333333336,0,0,0,1,0,0,0.463906666666667,0,0,0,0,0,0.00176333333333334,0,0,0,0,0,0,0,0,0
"Eosinophils",0.53236,0.142476666666667,0.571436666666667,0.0909799999999999,0.135303333333333,0.31025,0,0.240173333333333,0.7897,0.110133333333333,1,0.794966666666667,0.87062,1,0.403786666666667,0.105636666666667,1,1,0.0319533333333333,0.354646666666667,1,1,0.689463333333333,0.0319533333333333,0.374803333333333,0.64556,1,0.59085,0.472436666666667,0.671843333333333,1,0.00600000000000001,0.566783333333333,0.04335,0.158566666666667,1,1,0.591806666666667,0.472706666666667,0.0177133333333334,1,0.42431,0.4181,0.74971,0.22396,1,0.149643333333333,0.697353333333333,0.781656666666667,0.862013333333333,0.172396666666667,0.300233333333333,0.45927,0.01014,0.28017,1,0.216376666666667,0.57817,0.172676666666667,0.122786666666667,0.36382,1,0.00631333333333328,1,0.340003333333333,0.228676666666667,0.361116666666667,0.399753333333333,0.551506666666667,0.252073333333333,1,0.125673333333333,0.48638,0.512853333333333,0.370366666666667,1,0.68586,0.81261,0.08216,0.65344,0.392436666666667,0.70113,1,1,0.638063333333333,0.499526666666667,0.497296666666667,0.495033333333333,0.441316666666667,0.773506666666667,0.290506666666667,0.72033,1,1,1,0.399083333333333,0.285526666666667,1,1,1,0.43486,1,0.870736666666667,0.536343333333333,0,1
"iDC",0,0,0,0,0,0,0,0,0,0,0,0,0,0,0,0,0,0,0,0,0,0,0,0,0,0,0,0,0,0,0,0,0,0,0,0,0,0,0,0,0,0,0,0,0,0.02715,0,0,0,0.0493066666666667,0,0,0,0,0,0,0,0,0,0,0,0,0,0,0,0,0,0,0,0,0,0,0,0,0,0,0,0,0,0,0,0,0,0,0,0,0,1,0,0,0.000343333333333362,0,0,0,0,0,0,0,0,0,0,0,0,0,0,0
"Macrophages",0.0514833333333333,0,0.201783333333333,0.0450666666666667,0.24825,0,0,0,0,0,0.00892000000000004,0.000269999999999992,0.00489666666666666,0,0.02106,0,0,0.0199533333333334,0.02819,0.0231833333333333,0,0,0,0.00455000000000005,0,0,0,0.00241999999999998,0.00714999999999999,0.345776666666667,9.00000000000345e-05,0,0,0.0043766666666667,0.000263333333333282,0.00978000000000001,0,0,0.220816666666667,0,0.00242666666666669,2.000000000002e-05,0,0,0,1,1,0,0,0.15209,0,0,0,0.000676666666666659,0.01065,0.0102,0,0,0.00244333333333335,0,0,0,0,0,0,0,0,0,0.00460000000000005,3.66666666666848e-05,0,0.00264333333333333,0,0.0216,0,0,0,0,0,0,0,0.000663333333333349,0,0.00188333333333335,6.66666666671034e-06,0,0.0104033333333333,1,0,0.00563000000000002,0.301973333333333,0,0,3.33333333335517e-06,0,0,0.00244666666666671,0,0,0.0785533333333334,0.199833333333333,0,0,0,0.00353333333333339,0
"Macrophages M1",0.0564866666666667,0,0.0205066666666667,0,0.00721666666666665,0,0,0,0,0.000106666666666699,0,0,0,0,0.00515333333333334,0,0,0.06599,0,0,0,0,0,0.00296666666666667,0,0,0,0,0,0.871536666666667,0,0,0,0.0063833333333333,0.00141999999999998,0,0,0,0.0284333333333333,0,0,0,0,0,0,0.0936533333333334,0.773653333333333,0,0,0.0241533333333334,0,0,0,0,6.66666666671034e-06,0,0,0,2.000000000002e-05,0,0,0,0,0,0.00051000000000001,0,0,0,0,0,0,0.00302999999999998,0,0.00104666666666664,0,0,0,0,0,0,0,0,0.0106333333333334,0,0,0,0.0175733333333333,1,0,0,0.184313333333333,0,0,0.0131133333333333,0,0,0,0,0,0.02271,0.00917000000000001,0,0,0,0,0
"Macrophages M2",0.198713333333333,0,0.0978633333333333,0.0183833333333333,0.108066666666667,0,0,0.104413333333333,0.523773333333333,0,0.19271,0.05132,0,0,0.08686,0,0,0,0.67668,0.488323333333333,0,0.240566666666667,0,0,0.0259166666666667,0,0,0,0,0.21411,0,0,0.00834333333333337,5.66666666667048e-05,0,0.747343333333333,0,0.0229833333333334,0.335486666666667,0,0.02513,0,3.33333333335517e-06,0.31037,0,1,0.0878966666666666,0,0,0.505433333333333,0,0,1,0.05415,0.0198166666666667,0.726276666666667,0,0,0,0,0,0,0,0.0107966666666667,0,0,0,0,0.0362433333333333,0.01397,0.000133333333333319,0,0,0.14968,0,0,0,0.00371999999999995,0,0.0209333333333334,0.313076666666667,0,0,0.000336666666666652,0.165203333333333,0.00363666666666662,0.0259266666666667,0.527116666666667,0,0.644816666666667,0,0,0,0,0.0012833333333333,0.0843699999999999,0.05144,0.0180466666666667,0.237573333333333,0.33851,0.0858666666666666,0,0,0,0.00135666666666667,0
"Mast cells",0,0,0.0544666666666667,0.00905999999999996,0.0576733333333334,0.00104333333333329,0,0.0301633333333333,0.0865899999999999,0.0181266666666666,0.485996666666667,0.0231666666666667,0.10149,0.000876666666666637,0.0758766666666667,0.01497,0.0152166666666667,0,0,0.240143333333333,0.00363333333333338,0.350773333333333,0.000736666666666719,6.66666666671034e-06,0.0424099999999999,0.00915333333333335,0.00141000000000002,0.00175333333333338,0.0640266666666667,0.10526,0.18088,0,0.0246,0.00155000000000005,0.000303333333333322,1,0.0773333333333334,0.00382000000000005,1.66666666666648e-05,0.00184333333333331,0.04377,0.0255433333333334,0.0190399999999999,0.0222599999999999,0.00971666666666671,0.951996666666667,0,0.0173566666666667,0.0429433333333333,1,0.00346999999999997,0,0.104256666666667,0.177456666666667,0,0.000160000000000049,0,2.33333333333752e-05,0,0.00591333333333333,0,0.0492366666666667,0.0150233333333334,0.00102000000000002,0.00529666666666662,0,0.02857,0.000496666666666701,1,0.00192333333333339,0.0185966666666667,0.00643333333333329,0,0.00371999999999995,0,0.197306666666667,0,0.00568000000000002,0.00539666666666672,0.0132666666666666,0.0206133333333334,0.0823766666666667,0.000153333333333339,0.0969466666666666,0.0219200000000001,0.00900999999999996,0.000360000000000027,0.56088,0,0.16301,0.00961333333333336,0,0.09067,0.0502933333333333,0.00652666666666668,0,0.04501,0,0.15796,0.109363333333333,0.03616,0.014,0.0373833333333333,0.0114633333333334,0.231716666666667,0.23206
"pDC",0,0.0035466666666667,0.722653333333333,0.414793333333333,0.892096666666667,0,0.959653333333333,0,0,1,0,0.60967,0,0,0,0,0,1,0,0,0.00888,0,1,1,0,0,0,0.00708333333333333,0,1,0,0.0591033333333333,0,1,0.05023,0.0604366666666667,0.18229,0.0490066666666666,0.89227,0.0129666666666667,0,0.0071566666666667,0.134456666666667,0.352543333333333,0.0494733333333334,1,1,0,0,0.51062,0,0,0,0,0.04735,0.126706666666667,0,0.0552733333333333,0.0415333333333333,0.00681333333333334,0,0.0848533333333333,0,0,0.00612999999999997,0,0.329236666666667,0,0.11295,0.05157,0,0.04196,1,0.0769066666666667,0,0.0180833333333333,0.00229666666666661,0,0,0,0.07106,0.0140266666666666,0.132566666666667,0,0,0,0,0,0,0.0127266666666667,0.117763333333333,0,7.9999999999969e-05,0.26622,0,0,0.01107,0,0,0.0247366666666666,0.220976666666667,0,0,0,0.518226666666667,0
"Monocytes",0.02357,0.07903,0.201396666666667,1,0.57856,0.0414533333333333,0.228646666666667,0.158783333333333,0.1094,0.0973433333333333,0.401876666666667,0.04025,0.385516666666667,0,0.748546666666667,0.00666333333333335,0.0452133333333333,0.07827,0.0916766666666666,1,0.0154566666666667,0.0679066666666667,0.0927566666666667,0.523493333333333,0.26288,0.01435,0.0974666666666667,0.0699133333333334,1,1,1,0.08095,0.11428,0.154866666666667,0.0955066666666666,1,0.0441833333333334,0.0529500000000001,0.102786666666667,0,1,0.0891999999999999,0,0.0476066666666667,0.04106,1,0.396316666666667,0.0237466666666667,0.00176666666666669,0.29727,0.0675833333333333,0.0728133333333333,0.617503333333333,0.04865,0.0667033333333333,0.0850633333333334,0.07226,0.13121,0.0862033333333333,0.00195666666666672,0.02518,0.1754,0.04097,0.347193333333333,0.0271766666666666,0.0217833333333334,0.0678266666666667,0.12343,1,0.0580633333333334,0.0569233333333333,0.28401,0.0625966666666666,0.11823,0,0.111723333333333,0.0296933333333333,0.04774,0.119016666666667,0.0254533333333333,0.0257566666666666,0.116573333333333,0,0.106096666666667,0.01246,0.119316666666667,0.0533533333333334,1,0.1028,0.0826533333333334,1,0.0115433333333333,0.111753333333333,0.0676066666666667,0.0433833333333333,1,1,0,0.358393333333333,0.0502766666666666,0.133066666666667,0.13808,0,0.00746000000000002,0.319393333333333,0.0909333333333333
"aDC",0,0,0.02579,0,0.320056666666667,0,0,0,0.000776666666666648,0.441163333333333,0.00775666666666663,0,0,0,0.00605999999999995,0,0,0.000439999999999996,0,0,0,0,0.00488999999999995,0,0,0,0,0,0,0.715163333333333,0,0,0,0,0.00247333333333333,0.000273333333333348,0.272146666666667,0,0,0,0.00149999999999995,0.0103033333333333,0,0,0,1,1,0,0,1,0,0,0.00138000000000005,0.000776666666666648,0,0.151153333333333,0,0,0,0,0,0.11826,0.00644999999999996,0,0,0,0.0013333333333333,0,0.0119666666666667,0,0,0.0419633333333334,0.00266333333333335,0.000720000000000054,0,0.00198666666666669,0,0,0,0,0,0.00276333333333334,0.0569766666666667,0.0229633333333333,0,0,0.00926666666666665,1,0,0.000240000000000018,1,0,0,0,0,0,0.19713,0,0,0.79535,0.12602,0,0,0,0.22864,0
"Chondrocytes",0,0.3777,0,0,0,0,0,0.0115066666666667,0.03408,0,0.08875,0,0,0,0.636813333333333,0,1,0.00285666666666662,0,0,0.00644333333333336,0,0,0,0.33131,0,1,0,0,0,1,0,0,0,0,0.0410700000000001,0.0193066666666667,0,0.0298566666666666,0,0.01591,0,0,0,0,1,0.00183333333333335,0.000753333333333384,1,0,0.03282,0,0.0769933333333334,0.0206466666666667,0,1,0,0,0,0.0917366666666667,0,0,0,1,0,0,0,0,1,0,0,0,0,0,0.0362833333333333,0.0351066666666666,0,0,0.00788666666666671,0,0,0,3.66666666666848e-05,1,0,1,0,1,0,1,0,0,0,0,0,1,0,0,0.21966,0,0,0,0,0,0,0.47236
"Endothelial cells",0.000279999999999947,0,0,0,0,1,0,0,0,0,0,0,0,0,0,0,1,0.24335,0,0.03222,1,1,0.00356999999999996,0,0,0,0,1,7.66666666666138e-05,0,0,0.000883333333333347,0,0,0,0,1,0,0,0,0.00253000000000003,0,0,0,0,0,0,0,0,0,0,0,0,0,0,0,0,0,0,0,0,0,0,1,0,1,0,0,0.01901,0,0,0,0,0.000156666666666694,0,0,0,0,0.00976333333333335,0,0,0,0,1,0,1,0,0.00209333333333328,0,0,8.33333333333242e-05,0,0.34183,0,0,0,0,0,1,0.0178833333333334,0,6.66666666671034e-06,0,0,0,0
"Fibroblasts",0,0,0,0,0.0188,0,0,0.147936666666667,0,0,0,0,1,0,0.0243333333333333,0.00901666666666667,1,0.0122133333333333,0,0,0.00509666666666664,0.00118666666666667,0,0,0.595833333333333,0.108223333333333,0,0.485796666666667,1,0,1,0,0.01857,0.0504466666666666,0,0.36338,0.00385999999999997,0.08268,0.562243333333333,0.01058,0,0,0,0.472596666666667,0.155813333333333,1,1,0.345633333333333,1,0.0786233333333334,1,0,1,0,0.000229999999999952,0.621263333333333,0,0,0,0,0.144803333333333,0,0,9.66666666666338e-05,0,0,0.376386666666667,0,1,0.00200333333333336,0,0.0131433333333333,0.316103333333333,0.00429999999999997,0.142116666666667,0,0,0,0.156883333333333,0.01119,0,0.0741466666666667,0,1,0.20151,0.0195333333333333,0.0246266666666667,1,0,1,0.13176,0,0,0,0,0,0,1,0.145886666666667,1,0,1,0.000340000000000007,0,0.34443,0.00980000000000003
"ly Endothelial cells",0.966046666666667,0.00570666666666664,0,0,0,1,0,0,0.175823333333333,0,0.852086666666667,0,0.217753333333333,0.352313333333333,0,0,1,0.09512,0,0,1,1,0,0,0,0,0.0271766666666666,0.735483333333333,0.0225066666666667,0.525336666666667,0,0,0.0431733333333333,0,0,0.0327333333333333,0.0753033333333334,0,0,0,0.00105999999999995,0,0,0.0348166666666667,0,0.00904000000000005,0,0.439333333333333,0,0,0,0,0.66904,0.0414099999999999,0,0.185256666666667,0,0,0,0,0,0,0,1,0,0,0,0,0,0,0.288166666666667,0,0,0,0.00252666666666668,0.0900466666666667,0,0,0,0,0,0.0216133333333334,0,1,0,0.298236666666667,0,0,0,0,0.16251,0,0.280256666666667,0,0,0.175826666666667,0,0.0487366666666667,0.35585,0,0,0.11591,0,0.20954,0,0
"mv Endothelial cells",0.0935866666666667,0,0,0,0,1,0,0,0,0,0,0,0.320743333333333,0.00195000000000001,0,0,0,0,0,0,0,0.572526666666667,0,0,0,0,0,0.01837,0,0,0,0,0,0,0,0,0,0,0,0,0,0,0,0,0,0,0,0,0,0,0,0,0,0,0,0,0,0,0,0,0,0,0,0.117503333333333,0,0,0,0,0,0,0,0,0,0.0765166666666667,0,0,0,0,0,0,0,0,0,0,0,0,0,0,0,0,0,0,0.0705833333333333,0.00160333333333329,0,0,0,0,0.00863000000000003,0,0,0,0,0,0,0
"Megakaryocytes",0,0,0,0.0162533333333333,0,0,0.000210000000000043,0,0.00770000000000004,0,0,0.0317333333333333,0.00924000000000003,0.01573,0,0,0,0,0,0.170626666666667,0,0.0566866666666667,0.21727,0,0.00127333333333335,0.03094,0.239233333333333,0,0,0.328456666666667,0.376413333333333,0,0,0.00605999999999995,0,0.596526666666667,0.420563333333333,0.000393333333333357,0.00314999999999999,0,0.129096666666667,0.00225333333333333,0.0469533333333333,0.20127,0,0.101406666666667,0.0147,0,0.03867,0.0360066666666666,0.03773,0.06026,0.0260033333333334,0.01544,0,1,0,0.00463666666666662,0,0.0651133333333334,0,0.000416666666666621,9.99999999995449e-06,0.12206,0,0,0,0,0.158956666666667,0,0.128123333333333,0,0,0,0.115606666666667,0,0.0133966666666666,0,0.113953333333333,0.130733333333333,0.000196666666666623,0.142273333333333,0,0.474306666666667,0,0.616663333333333,0,0,0,0.00396333333333332,0,0,0,0,0.00155000000000005,0.655976666666667,0.000796666666666668,0.34483,0.513143333333333,0.11746,0,0.0248433333333333,0.00890333333333337,0.00422333333333336,0.05984,0.02501
"Smooth muscle",1,1,1,1,1,0.565,1,0.183646666666667,0.22307,1,0.16496,1,1,0.468296666666667,0.119093333333333,1,0.312706666666667,1,1,1,1,0.26185,1,1,1,1,0.55186,1,0.684913333333333,1,0.304603333333333,1,1,1,1,0.335223333333333,0.207136666666667,1,1,1,1,0.487633333333333,1,1,1,1,1,0.39129,1,0.49711,1,1,0.382523333333333,0.198763333333333,1,1,1,1,1,1,1,1,1,0.171923333333333,1,1,1,1,1,1,1,1,1,0.556193333333333,1,0.57805,1,1,1,0.887193333333333,1,1,1,1,1,0.659743333333333,0.626986666666667,1,1,1,1,1,1,1,1,0.26881,1,1,0.01228,1,0.813953333333333,0.317186666666667,1,1,1,1
"Pericytes",0.517823333333333,0.0122466666666666,0,0,0,0,0,0.03185,0.711736666666667,0,0,0,0,0.000886666666666702,0.01428,0,0,0,0.00274666666666668,0,0.00334333333333336,0,0,0,0,0,0,0,0,0,0,0,0,0,0,0.297226666666667,0.538076666666667,0,0,0,0,0,0,0,0.02221,0,0,1,0.12212,0,0.0643033333333334,0,0,0,0,0,0,0,0,0.0166566666666667,0,0,0,0,0.00502999999999998,0,4.99999999999945e-05,0,0,9.99999999995449e-06,0,0,0.00316000000000005,0,0,0,0,0.10381,0.00606333333333331,0.0193866666666667,0,0,0,0.01152,0.0269200000000001,0.70006,0.421166666666667,0.0290133333333333,0,0.0290733333333333,0,0,8.33333333333242e-05,0,0.00144666666666671,0,0,0.0181266666666666,0.000533333333333386,0,9.99999999995449e-06,0.287526666666667,0.229436666666667,0.0631766666666667,0,0.84044
"Preadipocytes",0,0.00839333333333336,1,0,0.434996666666667,0,1,0,0,1,0,1,0,0,0.00353666666666663,0,0.51448,1,0,1,0.0821333333333333,0,1,1,1,1,0.252253333333333,0.161896666666667,1,1,1,0.00880333333333339,1,0.409463333333333,0.538123333333333,0,0.000463333333333371,1,1,0,0,1,0,0.974786666666667,1,1,1,0.335596666666667,0,1,1,0.405603333333333,0.45094,0,0,0,0,0.157016666666667,0,0.0381966666666667,0.00136666666666663,0,0,1,0.0102966666666666,0.0174533333333333,0,0,0,0,0.127916666666667,0,0,0.148766666666667,0.106916666666667,0,0.0677333333333333,0,0,0,1,0,0.0851,0.56383,0,0.0168233333333333,0,0,0.0473233333333334,0,0,0,0.0151333333333333,0.00656333333333337,0,0.02563,0,0,0.0459066666666667,0,0,0,0,1,0,0
"Adipocytes",0,0,0,1,0,0,0,0,0,0,0,0,0,0,0,0,0,0,0,0,0,0,0,0,0.10198,0,0,0,1,0.0191866666666667,0.0567666666666666,0,0,0.0239966666666667,0,0,0,0,0,0,0,0,0,1,0,0.46583,0,0.24551,0,0,0.667433333333333,0,0,0,0,0.559706666666667,0,0,0,0,0,0,0,0.203256666666667,0,0,0,0,0.188546666666667,0,0,0,0,0,0.41942,0,0,0,0,0.129166666666667,0,0.2354,0,0,0,0.0799,0,0.000299999999999967,0,0,0.000166666666666648,0,0.00873000000000002,0,0.00168666666666661,1,0.00217666666666672,0.538126666666667,0,0,0,1,0,0,0.0270466666666667,0
"MSC",0.592553333333333,0.0848066666666667,9.66666666666338e-05,0,0.0143133333333333,1,0,0.879243333333333,0,0.07816,0.360316666666667,0.176543333333333,0.0354066666666667,0.36538,0.322386666666667,0.00817666666666672,0,0,0,0,0.12641,0.0606533333333333,0.00713333333333332,0,0.02517,0.210566666666667,0.00527333333333335,0.0396533333333333,0,0,0,0,0,0,0,0.477193333333333,0.00401666666666667,0.114976666666667,0.06485,0,0.00982000000000005,0.0781433333333333,0.324536666666667,0.0356300000000001,0.951593333333333,0.00363000000000002,0,0.495816666666667,0,0.338433333333333,0,0.08897,0.410286666666667,0.642396666666667,0.0375833333333333,0,0,0.0688033333333333,0,0.0190333333333333,0.0281966666666666,0.26315,0.0458566666666667,0.111133333333333,0.108986666666667,0.0273266666666667,0.312323333333333,0,0,0.00402000000000002,0.2106,0,0.0327366666666666,0.40124,0,0.29206,0.00401333333333331,0.0905899999999999,0,0.13582,0.373473333333333,0,0,0,0,0.166146666666667,0.244543333333333,0.785913333333333,0.00243666666666664,0,0,0.687456666666667,0.598956666666667,0.00124333333333337,0.27467,0,0,0.248776666666667,0.176936666666667,0.0823633333333333,0,0.0982033333333333,0.13571,0.120333333333333,0.0587066666666667,0.317583333333333
"Osteoblast",0,0.0460233333333333,0,0,0,0.127056666666667,0,0.0838266666666667,0,0.122513333333333,0,0,0,0.137376666666667,0.000723333333333298,0.640786666666667,0,0,0,0,0.409733333333333,0,0,1,0.609816666666667,0.0130866666666667,0,1,0,0,0,0.0860866666666666,1,0,0,0,0,0,0,0,0,0,1,0,1,0.00211666666666666,0.118266666666667,0,1,0,1,0,1,0,0,0,0.62913,0.18215,0,1,0,0.187876666666667,0.00053000000000003,0.00370999999999999,0,0.000233333333333308,0.00710333333333335,1,0,0,0.0363733333333334,0,0,0.00761666666666672,1,0,0.00441999999999998,0.135563333333333,0.000946666666666651,0.00119999999999998,0.23104,0,0,0,0,0,0.38084,0.02289,0.02733,0,0,0,0,0,1,0.247673333333333,0,0.379476666666667,0,0,0,0.515123333333333,1,0.247616666666667,0,0.205386666666667
"Myocytes",0.07839,0.147993333333333,0.01259,1,0.953876666666667,0,0.194503333333333,0.90556,0,0.0162766666666667,0.00310333333333335,1,1,0.00350666666666666,0,0.426473333333333,1,0.00310333333333335,0,1,0.0278866666666666,0,0.0455433333333334,0.00302666666666662,0.02528,0,0,1,1,0,0.0834833333333334,0.02742,1,1,1,0.0175166666666666,0.00666,0.0590166666666667,0.0526766666666667,1,0.63544,0.301903333333333,1,0.149286666666667,0.204276666666667,0,0.674,0.0570433333333333,1,1,1,1,1,0.000243333333333373,0.000573333333333315,0.0626266666666667,0.0251533333333334,1,0.0134433333333334,1,0.1839,0.168383333333333,1,1,0.655423333333333,0.90741,0.00646333333333338,1,0.0291333333333333,0.0182233333333334,1,0.0977533333333334,0.0643433333333333,0.440123333333333,0.04788,0.369586666666667,1,1,0.40066,0.0291466666666667,0.0659166666666666,0.619966666666667,0,0.0612633333333333,1,0.00335333333333332,0.01139,0.647313333333333,0.293206666666667,0.147986666666667,1,1,1,0.000706666666666633,0.0567666666666666,1,0.07787,1,0.444023333333333,0.683353333333333,0,0.19768,0.0280266666666666,0.0705066666666667,0.19704,0.0795933333333333
